[
  {
    "id": "4ff737b8-8d23-40f8-960d-927e673a3dd3",
    "data": [
      {
        "text": "how hot is it in ",
        "userDefined": false
      },
      {
        "text": "Singapore",
        "alias": "loc",
        "meta": "@sys.any",
        "userDefined": false
      }
    ],
    "isTemplate": false,
    "count": 0,
    "updated": 0
  },
  {
    "id": "d067b507-99d8-4a4c-94ce-bfa8c1291cea",
    "data": [
      {
        "text": "what is the temperature in ",
        "userDefined": false
      },
      {
        "text": "Singapore",
        "alias": "loc",
        "meta": "@sys.any",
        "userDefined": false
      }
    ],
    "isTemplate": false,
    "count": 0,
    "updated": 0
  },
  {
    "id": "6b5ec3d9-c539-4d05-b3ca-3db56020a828",
    "data": [
      {
        "text": "what is the temp in ",
        "userDefined": false
      },
      {
        "text": "Singapore",
        "alias": "loc",
        "meta": "@sys.any",
        "userDefined": false
      }
    ],
    "isTemplate": false,
    "count": 0,
    "updated": 0
  },
  {
    "id": "fac431bb-e156-4a34-87e5-d8c10a6e899a",
    "data": [
      {
        "text": "temperature in ",
        "userDefined": false
      },
      {
        "text": "Singapore",
        "alias": "loc",
        "meta": "@sys.any",
        "userDefined": false
      }
    ],
    "isTemplate": false,
    "count": 0,
    "updated": 0
  },
  {
    "id": "879f752c-128b-4fd0-9d13-f9ec285d9981",
    "data": [
      {
        "text": "temp in ",
        "userDefined": false
      },
      {
        "text": "Singapore",
        "alias": "loc",
        "meta": "@sys.any",
        "userDefined": false
      }
    ],
    "isTemplate": false,
    "count": 0,
    "updated": 0
  }
]