[
  {
    "id": "96a85876-2072-4181-bcf5-69e3769870d1",
    "data": [
      {
        "text": "how windy is it in ",
        "userDefined": false
      },
      {
        "text": "singapore",
        "alias": "loc",
        "meta": "@sys.any",
        "userDefined": false
      }
    ],
    "isTemplate": false,
    "count": 0,
    "updated": 0
  },
  {
    "id": "49ccb521-aee9-42d5-9a68-e0e8f17672e9",
    "data": [
      {
        "text": "wind direction in ",
        "userDefined": false
      },
      {
        "text": "singapore",
        "alias": "loc",
        "meta": "@sys.any",
        "userDefined": false
      }
    ],
    "isTemplate": false,
    "count": 0,
    "updated": 0
  },
  {
    "id": "42219c42-274f-42b8-88b9-26093f9749dd",
    "data": [
      {
        "text": "what is the wind speed in ",
        "userDefined": false
      },
      {
        "text": "singapore",
        "alias": "loc",
        "meta": "@sys.any",
        "userDefined": false
      }
    ],
    "isTemplate": false,
    "count": 0,
    "updated": 0
  },
  {
    "id": "32834d3b-9444-413e-bc19-108c1910156d",
    "data": [
      {
        "text": "wind speed in ",
        "userDefined": false
      },
      {
        "text": "singapore",
        "alias": "loc",
        "meta": "@sys.any",
        "userDefined": false
      }
    ],
    "isTemplate": false,
    "count": 0,
    "updated": 0
  }
]