[
  {
    "id": "417b6f2a-0ccf-47cc-98f9-a843bdaaa81a",
    "data": [
      {
        "text": "What does the weather look like in ",
        "userDefined": false
      },
      {
        "text": "Singapore",
        "alias": "loc",
        "meta": "@sys.any",
        "userDefined": false
      }
    ],
    "isTemplate": false,
    "count": 0,
    "updated": 0
  },
  {
    "id": "fe8db795-f5ad-49a9-8e75-d09738f61cd7",
    "data": [
      {
        "text": "weather in ",
        "userDefined": false
      },
      {
        "text": "Singapore",
        "alias": "loc",
        "meta": "@sys.any",
        "userDefined": false
      }
    ],
    "isTemplate": false,
    "count": 0,
    "updated": 0
  },
  {
    "id": "f76a2d00-fdd0-4370-81e2-ff20aaea5d2d",
    "data": [
      {
        "text": "what is the weather in ",
        "userDefined": false
      },
      {
        "text": "Singapore",
        "alias": "loc",
        "meta": "@sys.any",
        "userDefined": false
      }
    ],
    "isTemplate": false,
    "count": 0,
    "updated": 0
  }
]